OrderDate,TotalSales,SalesUSA,SalesEU,SalesPac
"2011-05-31 00:00:00",503805.916900,497005.936900,3399.990000,3399.990000
"2011-06-01 00:00:00",13931.520000,3578.270000,NULL,10353.250000
"2011-06-02 00:00:00",15012.178200,7156.540000,699.098200,7156.540000
"2011-06-03 00:00:00",7156.540000,3578.270000,3578.270000,NULL
"2011-06-04 00:00:00",15012.178200,3578.270000,3578.270000,7855.638200
"2011-06-05 00:00:00",14313.080000,7156.540000,7156.540000,NULL
"2011-06-06 00:00:00",7855.638200,699.098200,3578.270000,3578.270000
"2011-06-07 00:00:00",7855.638200,699.098200,3578.270000,3578.270000
"2011-06-08 00:00:00",20909.780000,10556.530000,3399.990000,6953.260000
"2011-06-09 00:00:00",10556.530000,3578.270000,NULL,6978.260000
"2011-06-10 00:00:00",14313.080000,NULL,10734.810000,3578.270000
"2011-06-11 00:00:00",14134.800000,3578.270000,3578.270000,6978.260000
"2011-06-12 00:00:00",7156.540000,NULL,NULL,7156.540000
"2011-06-13 00:00:00",25047.890000,10734.810000,10734.810000,3578.270000
"2011-06-14 00:00:00",11230.628200,7156.540000,699.098200,3374.990000
"2011-06-15 00:00:00",14313.080000,3578.270000,3578.270000,7156.540000
"2011-06-16 00:00:00",14134.800000,3578.270000,NULL,10556.530000
"2011-06-17 00:00:00",6953.260000,NULL,NULL,6953.260000
"2011-06-18 00:00:00",25568.708200,11433.908200,NULL,14134.800000
"2011-06-19 00:00:00",11255.628200,NULL,3578.270000,7677.358200
"2011-06-20 00:00:00",14313.080000,NULL,3578.270000,10734.810000
"2011-06-21 00:00:00",38241.290000,10353.250000,13931.520000,13956.520000
"2011-06-22 00:00:00",15012.178200,3578.270000,699.098200,10734.810000
"2011-06-23 00:00:00",10734.810000,3578.270000,7156.540000,NULL
"2011-06-24 00:00:00",11433.908200,4277.368200,3578.270000,3578.270000
"2011-06-25 00:00:00",17534.790000,NULL,7156.540000,10378.250000
"2011-06-26 00:00:00",28041.320000,6953.260000,3374.990000,17713.070000
"2011-06-27 00:00:00",19785.364600,11433.908200,699.098200,7652.358200
"2011-06-28 00:00:00",17688.070000,7156.540000,3578.270000,6953.260000
"2011-06-29 00:00:00",14402.338200,7652.358200,3374.990000,3374.990000
"2011-06-30 00:00:00",15012.178200,7156.540000,4277.368200,3578.270000
"2011-07-01 00:00:00",1556299.662138,1545564.852138,7156.540000,3578.270000
"2011-07-02 00:00:00",10734.810000,3578.270000,3578.270000,3578.270000
"2011-07-03 00:00:00",11230.628200,NULL,NULL,11230.628200
"2011-07-04 00:00:00",17534.790000,3578.270000,3578.270000,10378.250000
"2011-07-05 00:00:00",15711.276400,3578.270000,699.098200,11433.908200
"2011-07-06 00:00:00",25390.428200,699.098200,3578.270000,21113.060000
"2011-07-07 00:00:00",14313.080000,7156.540000,NULL,7156.540000
"2011-07-08 00:00:00",11255.628200,NULL,7855.638200,3399.990000
"2011-07-09 00:00:00",13906.520000,3578.270000,NULL,10328.250000
"2011-07-10 00:00:00",21088.060000,7156.540000,NULL,13931.520000
"2011-07-11 00:00:00",17891.350000,10734.810000,NULL,7156.540000
"2011-07-12 00:00:00",21469.620000,10734.810000,7156.540000,3578.270000
"2011-07-13 00:00:00",11929.726400,4277.368200,NULL,7652.358200
"2011-07-14 00:00:00",14313.080000,7156.540000,7156.540000,NULL
"2011-07-15 00:00:00",21113.060000,10556.530000,3399.990000,7156.540000
"2011-07-17 00:00:00",3578.270000,NULL,NULL,3578.270000
"2011-07-18 00:00:00",21266.340000,17891.350000,NULL,3374.990000
"2011-07-19 00:00:00",17109.472800,12133.006400,699.098200,4277.368200
"2011-07-20 00:00:00",21266.340000,7156.540000,7156.540000,6953.260000
"2011-07-21 00:00:00",28016.320000,10531.530000,6953.260000,10531.530000
"2011-07-22 00:00:00",17688.070000,6953.260000,NULL,10734.810000
"2011-07-23 00:00:00",10531.530000,3578.270000,NULL,6953.260000
"2011-07-24 00:00:00",28968.698200,3399.990000,10556.530000,15012.178200
"2011-07-25 00:00:00",7652.358200,NULL,699.098200,6953.260000
"2011-07-26 00:00:00",24691.330000,6978.260000,14134.800000,3578.270000
"2011-07-27 00:00:00",7156.540000,NULL,3578.270000,3578.270000
"2011-07-28 00:00:00",7156.540000,NULL,3578.270000,3578.270000
"2011-07-29 00:00:00",19785.364600,699.098200,11433.908200,7652.358200
"2011-07-30 00:00:00",24691.330000,17713.070000,3399.990000,3578.270000
"2011-07-31 00:00:00",20859.780000,3374.990000,6953.260000,10531.530000
"2011-08-01 00:00:00",1180210.157776,1173053.617776,3578.270000,3578.270000
"2011-08-02 00:00:00",35782.700000,7156.540000,14313.080000,14313.080000
"2011-08-03 00:00:00",11433.908200,3578.270000,NULL,7855.638200
"2011-08-04 00:00:00",21113.060000,14134.800000,3399.990000,3578.270000
"2011-08-05 00:00:00",10734.810000,7156.540000,3578.270000,NULL
"2011-08-06 00:00:00",22168.718200,11433.908200,3578.270000,7156.540000
"2011-08-07 00:00:00",15012.178200,11433.908200,3578.270000,NULL
"2011-08-08 00:00:00",10734.810000,NULL,3578.270000,7156.540000
"2011-08-09 00:00:00",24463.050000,6953.260000,6953.260000,10556.530000
"2011-08-10 00:00:00",10734.810000,3578.270000,NULL,7156.540000
"2011-08-12 00:00:00",6978.260000,3399.990000,NULL,3578.270000
"2011-08-13 00:00:00",8351.456400,NULL,1398.196400,6953.260000
"2011-08-14 00:00:00",17891.350000,3578.270000,3578.270000,10734.810000
"2011-08-15 00:00:00",14313.080000,7156.540000,NULL,7156.540000
"2011-08-16 00:00:00",15012.178200,7855.638200,3578.270000,3578.270000
"2011-08-17 00:00:00",13956.520000,6978.260000,3399.990000,3578.270000
"2011-08-18 00:00:00",17891.350000,7156.540000,3578.270000,7156.540000
"2011-08-19 00:00:00",25568.708200,11433.908200,3578.270000,10556.530000
"2011-08-20 00:00:00",7156.540000,3578.270000,3578.270000,NULL
"2011-08-21 00:00:00",22307.976400,3399.990000,11751.446400,7156.540000
"2011-08-22 00:00:00",21469.620000,10734.810000,3578.270000,7156.540000
"2011-08-23 00:00:00",22168.718200,7156.540000,7156.540000,7855.638200
"2011-08-24 00:00:00",10734.810000,NULL,3578.270000,7156.540000
"2011-08-25 00:00:00",10734.810000,7156.540000,3578.270000,NULL
"2011-08-26 00:00:00",15012.178200,7855.638200,3578.270000,3578.270000
"2011-08-27 00:00:00",27145.184600,10734.810000,7855.638200,8554.736400
"2011-08-28 00:00:00",4277.368200,NULL,4277.368200,NULL
"2011-08-29 00:00:00",699.098200,699.098200,NULL,NULL
"2011-08-30 00:00:00",35782.700000,7156.540000,10734.810000,17891.350000
"2011-08-31 00:00:00",855976.624470,848299.266270,4277.368200,3399.990000
"2011-09-01 00:00:00",10531.530000,NULL,3578.270000,6953.260000
"2011-09-02 00:00:00",14313.080000,7156.540000,NULL,7156.540000
"2011-09-03 00:00:00",7156.540000,3578.270000,NULL,3578.270000
"2011-09-04 00:00:00",25187.148200,6978.260000,4099.088200,14109.800000
"2011-09-05 00:00:00",7652.358200,4074.088200,NULL,3578.270000
"2011-09-06 00:00:00",11433.908200,4277.368200,3578.270000,3578.270000
"2011-09-07 00:00:00",33246.066400,15711.276400,3578.270000,13956.520000
"2011-09-08 00:00:00",29121.978200,7156.540000,10734.810000,11230.628200
"2011-09-09 00:00:00",17891.350000,3578.270000,3578.270000,10734.810000
"2011-09-10 00:00:00",28016.320000,6953.260000,14109.800000,6953.260000
"2011-09-11 00:00:00",42557.680000,14313.080000,6978.260000,21266.340000
"2011-09-12 00:00:00",18233.888200,11255.628200,3399.990000,3578.270000
"2011-09-13 00:00:00",10734.810000,7156.540000,NULL,3578.270000
"2011-09-14 00:00:00",6953.260000,3374.990000,3578.270000,NULL
"2011-09-15 00:00:00",18183.888200,10734.810000,NULL,7449.078200
"2011-09-16 00:00:00",10531.530000,7156.540000,NULL,3374.990000
"2011-09-17 00:00:00",28447.880000,7156.540000,3578.270000,17713.070000
"2011-09-18 00:00:00",15012.178200,3578.270000,4277.368200,7156.540000
"2011-09-19 00:00:00",21469.620000,7156.540000,7156.540000,7156.540000
"2011-09-20 00:00:00",10734.810000,7156.540000,3578.270000,NULL
"2011-09-21 00:00:00",11255.628200,4277.368200,NULL,6978.260000
"2011-09-22 00:00:00",15012.178200,4277.368200,7156.540000,3578.270000
"2011-09-24 00:00:00",3578.270000,NULL,3578.270000,NULL
"2011-09-25 00:00:00",7156.540000,NULL,NULL,7156.540000
"2011-09-26 00:00:00",30024.356400,14313.080000,4277.368200,11433.908200
"2011-09-27 00:00:00",15012.178200,10734.810000,699.098200,3578.270000
"2011-09-28 00:00:00",23884.452800,4976.466400,4277.368200,14630.618200
"2011-09-29 00:00:00",21990.438200,4277.368200,3578.270000,14134.800000
"2011-09-30 00:00:00",6749.980000,3374.990000,3374.990000,NULL
"2011-10-01 00:00:00",2344867.297504,2334692.327504,3399.990000,6774.980000
"2011-10-02 00:00:00",10734.810000,10734.810000,NULL,NULL
"2011-10-03 00:00:00",13931.520000,NULL,3578.270000,10353.250000
"2011-10-04 00:00:00",18412.168200,15012.178200,NULL,3399.990000
"2011-10-05 00:00:00",21990.438200,7156.540000,4277.368200,10556.530000
"2011-10-06 00:00:00",17509.790000,3578.270000,6953.260000,6978.260000
"2011-10-07 00:00:00",26446.086400,10734.810000,4976.466400,10734.810000
"2011-10-08 00:00:00",28626.160000,21469.620000,3578.270000,3578.270000
"2011-10-09 00:00:00",14313.080000,NULL,7156.540000,7156.540000
"2011-10-10 00:00:00",21762.158200,3578.270000,4277.368200,13906.520000
"2011-10-11 00:00:00",21469.620000,7156.540000,NULL,14313.080000
"2011-10-12 00:00:00",19289.546400,7855.638200,3578.270000,7855.638200
"2011-10-13 00:00:00",27709.760000,10378.250000,13956.520000,3374.990000
"2011-10-14 00:00:00",28740.418200,3578.270000,7652.358200,17509.790000
"2011-10-15 00:00:00",15507.996400,4277.368200,NULL,11230.628200
"2011-10-16 00:00:00",24844.610000,14109.800000,NULL,10734.810000
"2011-10-17 00:00:00",11433.908200,3578.270000,3578.270000,4277.368200
"2011-10-18 00:00:00",10556.530000,7156.540000,NULL,3399.990000
"2011-10-19 00:00:00",18590.448200,10734.810000,4277.368200,3578.270000
"2011-10-20 00:00:00",14833.898200,NULL,4277.368200,10556.530000
"2011-10-21 00:00:00",21113.060000,14134.800000,3399.990000,3578.270000
"2011-10-22 00:00:00",4277.368200,NULL,NULL,4277.368200
"2011-10-23 00:00:00",11433.908200,7855.638200,NULL,3578.270000
"2011-10-24 00:00:00",24641.330000,14109.800000,6953.260000,3578.270000
"2011-10-25 00:00:00",10531.530000,3578.270000,NULL,6953.260000
"2011-10-26 00:00:00",18590.448200,15012.178200,NULL,3578.270000
"2011-10-27 00:00:00",7855.638200,4277.368200,3578.270000,NULL
"2011-10-28 00:00:00",21633.878200,7677.358200,6978.260000,6978.260000
"2011-10-29 00:00:00",17891.350000,3578.270000,7156.540000,7156.540000
"2011-10-30 00:00:00",18590.448200,4277.368200,3578.270000,10734.810000
"2011-10-31 00:00:00",1720632.612826,1710101.082826,3578.270000,6953.260000
"2011-11-01 00:00:00",25543.708200,10734.810000,4277.368200,10531.530000
"2011-11-02 00:00:00",35401.140000,13931.520000,7156.540000,14313.080000
"2011-11-03 00:00:00",14833.898200,7677.358200,3578.270000,3578.270000
"2011-11-04 00:00:00",21063.060000,10531.530000,3374.990000,7156.540000
"2011-11-05 00:00:00",17891.350000,7156.540000,7156.540000,3578.270000
"2011-11-06 00:00:00",21291.340000,10734.810000,3578.270000,6978.260000
"2011-11-07 00:00:00",55454.042800,15507.996400,4773.186400,35172.860000
"2011-11-08 00:00:00",17713.070000,3578.270000,3578.270000,10556.530000
"2011-11-09 00:00:00",7156.540000,7156.540000,NULL,NULL
"2011-11-10 00:00:00",36481.798200,17891.350000,699.098200,17891.350000
"2011-11-11 00:00:00",14313.080000,10734.810000,3578.270000,NULL
"2011-11-12 00:00:00",38191.290000,20884.780000,10149.970000,7156.540000
"2011-11-13 00:00:00",17688.070000,NULL,10734.810000,6953.260000
"2011-11-14 00:00:00",39678.508200,17509.790000,7855.638200,14313.080000
"2011-11-15 00:00:00",21965.438200,4277.368200,6953.260000,10734.810000
"2011-11-16 00:00:00",11230.628200,3578.270000,NULL,7652.358200
"2011-11-17 00:00:00",21469.620000,7156.540000,7156.540000,7156.540000
"2011-11-18 00:00:00",41076.704600,14313.080000,7156.540000,19607.084600
"2011-11-19 00:00:00",28715.418200,17688.070000,6953.260000,4074.088200
"2011-11-20 00:00:00",26966.904600,22689.536400,699.098200,3578.270000
"2011-11-21 00:00:00",22168.718200,14313.080000,4277.368200,3578.270000
"2011-11-22 00:00:00",25746.988200,11433.908200,3578.270000,10734.810000
"2011-11-23 00:00:00",15012.178200,10734.810000,NULL,4277.368200
"2011-11-24 00:00:00",19086.266400,4277.368200,4277.368200,10531.530000
"2011-11-25 00:00:00",25543.708200,14808.898200,NULL,10734.810000
"2011-11-26 00:00:00",14313.080000,10734.810000,3578.270000,NULL
"2011-11-27 00:00:00",26966.904600,7855.638200,11433.908200,7677.358200
"2011-11-28 00:00:00",28219.600000,3578.270000,7156.540000,17484.790000
"2011-11-29 00:00:00",24488.050000,10556.530000,3399.990000,10531.530000
"2011-11-30 00:00:00",22168.718200,14313.080000,7156.540000,699.098200
"2011-12-01 00:00:00",725046.420740,718093.160740,3578.270000,3374.990000
"2011-12-02 00:00:00",14313.080000,3578.270000,3578.270000,7156.540000
"2011-12-03 00:00:00",28041.320000,10531.530000,6774.980000,10734.810000
"2011-12-04 00:00:00",17713.070000,10734.810000,6978.260000,NULL
"2011-12-05 00:00:00",7855.638200,7156.540000,699.098200,NULL
"2011-12-06 00:00:00",21266.340000,21266.340000,NULL,NULL
"2011-12-07 00:00:00",8554.736400,NULL,4277.368200,4277.368200
"2011-12-08 00:00:00",25365.428200,14808.898200,NULL,10556.530000
"2011-12-09 00:00:00",17891.350000,10734.810000,NULL,7156.540000
"2011-12-10 00:00:00",14109.800000,3578.270000,3578.270000,6953.260000
"2011-12-11 00:00:00",31619.590000,17509.790000,3578.270000,10531.530000
"2011-12-12 00:00:00",25047.890000,10734.810000,7156.540000,7156.540000
"2011-12-13 00:00:00",7855.638200,4277.368200,3578.270000,NULL
"2011-12-14 00:00:00",31669.590000,10556.530000,3578.270000,17534.790000
"2011-12-15 00:00:00",21380.598200,3374.990000,10353.250000,7652.358200
"2011-12-16 00:00:00",24666.330000,3578.270000,NULL,21088.060000
"2011-12-17 00:00:00",25365.428200,14313.080000,699.098200,10353.250000
"2011-12-18 00:00:00",15711.276400,NULL,10734.810000,4976.466400
"2011-12-19 00:00:00",18590.448200,4277.368200,10734.810000,3578.270000
"2011-12-20 00:00:00",21469.620000,7156.540000,3578.270000,10734.810000
"2011-12-21 00:00:00",24691.330000,7156.540000,6978.260000,10556.530000
"2011-12-22 00:00:00",31644.590000,14134.800000,6978.260000,10531.530000
"2011-12-23 00:00:00",10734.810000,7156.540000,3578.270000,NULL
"2011-12-24 00:00:00",25568.708200,18412.168200,NULL,7156.540000
"2011-12-25 00:00:00",5675.564600,2097.294600,NULL,3578.270000
"2011-12-26 00:00:00",17509.790000,3578.270000,3374.990000,10556.530000
"2011-12-27 00:00:00",14833.898200,3578.270000,699.098200,10556.530000
"2011-12-28 00:00:00",15507.996400,10734.810000,699.098200,4074.088200
"2011-12-29 00:00:00",11255.628200,NULL,NULL,11255.628200
"2011-12-30 00:00:00",27145.184600,15012.178200,7855.638200,4277.368200
"2011-12-31 00:00:00",21762.158200,15012.178200,NULL,6749.980000
"2012-01-01 00:00:00",1919379.378558,1905066.298558,3578.270000,10734.810000
"2012-01-02 00:00:00",18590.448200,7156.540000,7855.638200,3578.270000
"2012-01-03 00:00:00",24844.610000,14313.080000,3374.990000,7156.540000
"2012-01-04 00:00:00",16410.374600,699.098200,8554.736400,7156.540000
"2012-01-05 00:00:00",20884.780000,6953.260000,6953.260000,6978.260000
"2012-01-06 00:00:00",24087.732800,16232.094600,4277.368200,3578.270000
"2012-01-07 00:00:00",21088.060000,10531.530000,NULL,10556.530000
"2012-01-08 00:00:00",14109.800000,3578.270000,6953.260000,3578.270000
"2012-01-09 00:00:00",10734.810000,NULL,7156.540000,3578.270000
"2012-01-10 00:00:00",35401.140000,21266.340000,10556.530000,3578.270000
"2012-01-11 00:00:00",40060.068200,21469.620000,4277.368200,14313.080000
"2012-01-12 00:00:00",10531.530000,10531.530000,NULL,NULL
"2012-01-13 00:00:00",24666.330000,10734.810000,13931.520000,NULL
"2012-01-14 00:00:00",22867.816400,14313.080000,7855.638200,699.098200
"2012-01-15 00:00:00",21469.620000,10734.810000,3578.270000,7156.540000
"2012-01-16 00:00:00",7677.358200,3399.990000,NULL,4277.368200
"2012-01-17 00:00:00",14313.080000,7156.540000,3578.270000,3578.270000
"2012-01-18 00:00:00",7156.540000,3578.270000,3578.270000,NULL
"2012-01-19 00:00:00",18590.448200,7156.540000,3578.270000,7855.638200
"2012-01-20 00:00:00",15012.178200,10734.810000,NULL,4277.368200
"2012-01-21 00:00:00",3578.270000,NULL,NULL,3578.270000
"2012-01-22 00:00:00",35401.140000,14109.800000,3399.990000,17891.350000
"2012-01-23 00:00:00",17891.350000,3578.270000,3578.270000,10734.810000
"2012-01-24 00:00:00",29325.258200,11433.908200,7156.540000,10734.810000
"2012-01-25 00:00:00",9253.834600,4277.368200,699.098200,4277.368200
"2012-01-26 00:00:00",39856.788200,29121.978200,NULL,10734.810000
"2012-01-27 00:00:00",10734.810000,3578.270000,7156.540000,NULL
"2012-01-28 00:00:00",17688.070000,10531.530000,3578.270000,3578.270000
"2012-01-29 00:00:00",1473667.581800,1466015.223600,3578.270000,4074.088200
"2012-01-30 00:00:00",21990.438200,7156.540000,3578.270000,11255.628200
"2012-01-31 00:00:00",23363.634600,8554.736400,4277.368200,10531.530000
"2012-02-01 00:00:00",25543.708200,10734.810000,7156.540000,7652.358200
"2012-02-02 00:00:00",10734.810000,7156.540000,3578.270000,NULL
"2012-02-03 00:00:00",29146.978200,7156.540000,11433.908200,10556.530000
"2012-02-04 00:00:00",28765.418200,10734.810000,7677.358200,10353.250000
"2012-02-05 00:00:00",13906.520000,3374.990000,6953.260000,3578.270000
"2012-02-06 00:00:00",18590.448200,11433.908200,NULL,7156.540000
"2012-02-07 00:00:00",7156.540000,7156.540000,NULL,NULL
"2012-02-08 00:00:00",20884.780000,6978.260000,10328.250000,3578.270000
"2012-02-09 00:00:00",14833.898200,7156.540000,NULL,7677.358200
"2012-02-10 00:00:00",32115.408200,17688.070000,3374.990000,11052.348200
"2012-02-11 00:00:00",11255.628200,4099.088200,3578.270000,3578.270000
"2012-02-12 00:00:00",29617.796400,14313.080000,699.098200,14605.618200
"2012-02-13 00:00:00",17891.350000,10734.810000,NULL,7156.540000
"2012-02-14 00:00:00",25732.966400,7499.078200,7677.358200,10556.530000
"2012-02-15 00:00:00",22867.816400,12133.006400,10734.810000,NULL
"2012-02-16 00:00:00",11433.908200,7156.540000,699.098200,3578.270000
"2012-02-17 00:00:00",31847.870000,7156.540000,3578.270000,21113.060000
"2012-02-18 00:00:00",14313.080000,3578.270000,3578.270000,7156.540000
"2012-02-19 00:00:00",20884.780000,10531.530000,NULL,10353.250000
"2012-02-20 00:00:00",17688.070000,3578.270000,10734.810000,3374.990000
"2012-02-21 00:00:00",42354.400000,14313.080000,10531.530000,17509.790000
"2012-02-22 00:00:00",17688.070000,NULL,NULL,17688.070000
"2012-02-23 00:00:00",26267.806400,11255.628200,7855.638200,7156.540000
"2012-02-24 00:00:00",10734.810000,10734.810000,NULL,NULL
"2012-02-25 00:00:00",28626.160000,10734.810000,10734.810000,7156.540000
"2012-02-26 00:00:00",21266.340000,14313.080000,3374.990000,3578.270000
"2012-02-27 00:00:00",14313.080000,7156.540000,NULL,7156.540000
"2012-02-28 00:00:00",13931.520000,6953.260000,3578.270000,3399.990000
"2012-02-29 00:00:00",895032.948780,887177.310580,3578.270000,4277.368200
"2012-03-01 00:00:00",10556.530000,3399.990000,NULL,7156.540000
"2012-03-02 00:00:00",29121.978200,11433.908200,3578.270000,14109.800000
"2012-03-03 00:00:00",24641.330000,14109.800000,3578.270000,6953.260000
"2012-03-04 00:00:00",17688.070000,10734.810000,6953.260000,NULL
"2012-03-05 00:00:00",14833.898200,11255.628200,NULL,3578.270000
"2012-03-06 00:00:00",26039.526400,7855.638200,7855.638200,10328.250000
"2012-03-07 00:00:00",10734.810000,3578.270000,7156.540000,NULL
"2012-03-08 00:00:00",17891.350000,3578.270000,7156.540000,7156.540000
"2012-03-09 00:00:00",14808.898200,6953.260000,7156.540000,699.098200
"2012-03-10 00:00:00",20884.780000,6953.260000,3399.990000,10531.530000
"2012-03-11 00:00:00",36774.336400,21965.438200,7855.638200,6953.260000
"2012-03-12 00:00:00",13931.520000,3578.270000,6774.980000,3578.270000
"2012-03-13 00:00:00",7855.638200,3578.270000,4277.368200,NULL
"2012-03-14 00:00:00",46135.950000,17891.350000,7156.540000,21088.060000
"2012-03-15 00:00:00",24309.770000,14134.800000,NULL,10174.970000
"2012-03-16 00:00:00",31847.870000,21469.620000,6978.260000,3399.990000
"2012-03-17 00:00:00",22168.718200,14313.080000,699.098200,7156.540000
"2012-03-18 00:00:00",11230.628200,10531.530000,699.098200,NULL
"2012-03-19 00:00:00",33196.066400,4277.368200,3578.270000,25340.428200
"2012-03-20 00:00:00",14630.618200,699.098200,NULL,13931.520000
"2012-03-21 00:00:00",14134.800000,10556.530000,NULL,3578.270000
"2012-03-22 00:00:00",32725.248200,14313.080000,3578.270000,14833.898200
"2012-03-23 00:00:00",11230.628200,3578.270000,699.098200,6953.260000
"2012-03-24 00:00:00",22307.976400,7677.358200,4099.088200,10531.530000
"2012-03-25 00:00:00",14313.080000,NULL,10734.810000,3578.270000
"2012-03-26 00:00:00",32001.150000,17891.350000,10734.810000,3374.990000
"2012-03-27 00:00:00",16410.374600,15012.178200,699.098200,699.098200
"2012-03-28 00:00:00",38979.410000,21469.620000,3578.270000,13931.520000
"2012-03-29 00:00:00",40174.326400,22168.718200,7449.078200,10556.530000
"2012-03-30 00:00:00",2306297.608028,2298441.969828,NULL,7855.638200
"2012-03-31 00:00:00",17891.350000,14313.080000,NULL,3578.270000
"2012-04-01 00:00:00",12133.006400,4976.466400,3578.270000,3578.270000
"2012-04-02 00:00:00",38979.410000,14313.080000,3578.270000,21088.060000
"2012-04-03 00:00:00",11751.446400,11052.348200,699.098200,NULL
"2012-04-04 00:00:00",22982.074600,10531.530000,4798.186400,7652.358200
"2012-04-05 00:00:00",14630.618200,10556.530000,NULL,4074.088200
"2012-04-06 00:00:00",32521.968200,17891.350000,10531.530000,4099.088200
"2012-04-07 00:00:00",21266.340000,10734.810000,NULL,10531.530000
"2012-04-08 00:00:00",7652.358200,3578.270000,3374.990000,699.098200
"2012-04-09 00:00:00",13931.520000,7156.540000,NULL,6774.980000
"2012-04-10 00:00:00",32001.150000,7156.540000,17688.070000,7156.540000
"2012-04-11 00:00:00",40021.046400,17534.790000,4277.368200,18208.888200
"2012-04-12 00:00:00",21063.060000,10328.250000,7156.540000,3578.270000
"2012-04-13 00:00:00",22168.718200,10734.810000,699.098200,10734.810000
"2012-04-14 00:00:00",30316.894600,12832.104600,7156.540000,10328.250000
"2012-04-15 00:00:00",31644.590000,17891.350000,10378.250000,3374.990000
"2012-04-16 00:00:00",28447.880000,6978.260000,14313.080000,7156.540000
"2012-04-17 00:00:00",15329.716400,4976.466400,3578.270000,6774.980000
"2012-04-18 00:00:00",21291.340000,7156.540000,7156.540000,6978.260000
"2012-04-19 00:00:00",21266.340000,14109.800000,3578.270000,3578.270000
"2012-04-20 00:00:00",21266.340000,3578.270000,6953.260000,10734.810000
"2012-04-21 00:00:00",24641.330000,17484.790000,NULL,7156.540000
"2012-04-22 00:00:00",22828.794600,18030.608200,1398.196400,3399.990000
"2012-04-23 00:00:00",28943.698200,14109.800000,4277.368200,10556.530000
"2012-04-24 00:00:00",18590.448200,10734.810000,699.098200,7156.540000
"2012-04-25 00:00:00",14808.898200,3578.270000,7156.540000,4074.088200
"2012-04-26 00:00:00",14808.898200,3578.270000,NULL,11230.628200
"2012-04-27 00:00:00",3578.270000,NULL,3578.270000,NULL
"2012-04-28 00:00:00",21965.438200,18387.168200,NULL,3578.270000
"2012-04-29 00:00:00",7652.358200,7652.358200,NULL,NULL
"2012-04-30 00:00:00",1016116.846932,1005382.036932,7156.540000,3578.270000
"2012-05-01 00:00:00",39881.788200,4277.368200,14134.800000,21469.620000
"2012-05-02 00:00:00",7652.358200,4277.368200,NULL,3374.990000
"2012-05-03 00:00:00",21787.158200,11255.628200,6953.260000,3578.270000
"2012-05-04 00:00:00",18412.168200,7156.540000,3578.270000,7677.358200
"2012-05-05 00:00:00",24666.330000,21088.060000,NULL,3578.270000
"2012-05-06 00:00:00",25187.148200,4277.368200,6978.260000,13931.520000
"2012-05-07 00:00:00",28422.880000,3578.270000,14313.080000,10531.530000
"2012-05-08 00:00:00",17534.790000,7156.540000,NULL,10378.250000
"2012-05-09 00:00:00",25365.428200,10531.530000,3578.270000,11255.628200
"2012-05-10 00:00:00",17713.070000,10734.810000,NULL,6978.260000
"2012-05-11 00:00:00",33920.164600,18590.448200,11230.628200,4099.088200
"2012-05-12 00:00:00",8173.176400,3374.990000,699.098200,4099.088200
"2012-05-13 00:00:00",13956.520000,6978.260000,NULL,6978.260000
"2012-05-14 00:00:00",15711.276400,11433.908200,699.098200,3578.270000
"2012-05-15 00:00:00",7156.540000,7156.540000,NULL,NULL
"2012-05-16 00:00:00",18590.448200,7855.638200,NULL,10734.810000
"2012-05-17 00:00:00",27462.722800,15012.178200,4976.466400,7474.078200
"2012-05-18 00:00:00",40352.606400,24844.610000,8351.456400,7156.540000
"2012-05-19 00:00:00",21787.158200,14109.800000,NULL,7677.358200
"2012-05-20 00:00:00",29121.978200,14109.800000,7855.638200,7156.540000
"2012-05-21 00:00:00",17713.070000,7156.540000,3399.990000,7156.540000
"2012-05-22 00:00:00",44273.414600,26242.806400,6799.980000,11230.628200
"2012-05-23 00:00:00",21990.438200,14134.800000,3578.270000,4277.368200
"2012-05-24 00:00:00",17713.070000,14313.080000,3399.990000,NULL
"2012-05-25 00:00:00",24641.330000,3578.270000,14313.080000,6749.980000
"2012-05-26 00:00:00",32001.150000,25047.890000,NULL,6953.260000
"2012-05-27 00:00:00",14808.898200,10531.530000,3578.270000,699.098200
"2012-05-28 00:00:00",28219.600000,14313.080000,3578.270000,10328.250000
"2012-05-29 00:00:00",18233.888200,6978.260000,4277.368200,6978.260000
"2012-05-30 00:00:00",2408187.253938,2217688.101365,182147.974073,8351.178500
"2012-05-31 00:00:00",3964.990000,2181.562500,1783.427500,NULL
"2012-06-01 00:00:00",28400.000700,18628.973200,2181.562500,7589.465000
"2012-06-02 00:00:00",16331.012100,7741.109600,6408.340000,2181.562500
"2012-06-03 00:00:00",21177.255300,11431.387500,7696.769600,2049.098200
"2012-06-04 00:00:00",22461.498900,4886.700000,7674.448200,9900.350700
"2012-06-05 00:00:00",18077.866000,7545.125000,4363.125000,6169.616000
"2012-06-06 00:00:00",13480.485700,6674.010700,2181.562500,4624.912500
"2012-06-07 00:00:00",11056.316000,8984.896400,NULL,2071.419600
"2012-06-08 00:00:00",9894.095000,3182.000000,2964.552500,3747.542500
"2012-06-09 00:00:00",19769.286000,10528.857800,3964.990000,5275.438200
"2012-06-10 00:00:00",17471.680300,10797.669600,4624.912500,2049.098200
"2012-06-11 00:00:00",22918.712000,13762.222100,7107.391700,2049.098200
"2012-06-12 00:00:00",21941.807100,15267.796400,2049.098200,4624.912500
"2012-06-13 00:00:00",7851.252500,5669.690000,2181.562500,NULL
"2012-06-14 00:00:00",11709.982800,2181.562500,2964.552500,6563.867800
"2012-06-15 00:00:00",25195.982100,15684.369600,4624.912500,4886.700000
"2012-06-16 00:00:00",10939.917400,3747.542500,2071.419600,5120.955300
"2012-06-17 00:00:00",15176.091700,10140.119600,2964.552500,2071.419600
"2012-06-18 00:00:00",19365.250700,10771.465000,4363.125000,4230.660700
"2012-06-19 00:00:00",20937.486400,7718.788200,8593.785700,4624.912500
"2012-06-20 00:00:00",16056.300000,9511.612500,2181.562500,4363.125000
"2012-06-21 00:00:00",15529.583900,7068.262500,8461.321400,NULL
"2012-06-22 00:00:00",11250.700000,NULL,8068.700000,3182.000000
"2012-06-23 00:00:00",17007.742400,9922.672100,4230.660700,2854.409600
"2012-06-24 00:00:00",9638.563200,2181.562500,4624.912500,2832.088200
"2012-06-25 00:00:00",18926.006700,12255.879200,1783.427500,4886.700000
"2012-06-26 00:00:00",9616.544600,1000.437500,NULL,8616.107100
"2012-06-27 00:00:00",12693.612500,4886.700000,3182.000000,4624.912500
"2012-06-28 00:00:00",17244.836000,11448.195300,2832.088200,2964.552500
"2012-06-29 00:00:00",19782.566000,7068.262500,4230.660700,8483.642800
"2012-06-30 00:00:00",3617451.922751,3164576.262786,448777.463565,4098.196400
"2012-07-01 00:00:00",13647.893200,8761.193200,2443.350000,2443.350000
"2012-07-02 00:00:00",11952.590000,7589.465000,2181.562500,2181.562500
"2012-07-03 00:00:00",18929.889900,9401.469600,4252.982100,5275.438200
"2012-07-04 00:00:00",15923.835700,11693.175000,4230.660700,NULL
"2012-07-05 00:00:00",24183.309500,9922.672100,6563.867800,7696.769600
"2012-07-06 00:00:00",23229.494600,14089.812500,2443.350000,6696.332100
"2012-07-07 00:00:00",15943.784600,11580.659600,2181.562500,2181.562500
"2012-07-08 00:00:00",14674.535300,4252.982100,2181.562500,8239.990700
"2012-07-09 00:00:00",7412.660700,2181.562500,1000.437500,4230.660700
"2012-07-10 00:00:00",8501.778200,2443.350000,4492.448200,1565.980000
"2012-07-11 00:00:00",20022.032100,8723.108900,2443.350000,8855.573200
"2012-07-12 00:00:00",26391.076600,6434.544600,9379.148200,10577.383800
"2012-07-13 00:00:00",18225.627400,11923.547100,4120.517800,2181.562500
"2012-07-14 00:00:00",22547.250700,13218.698200,7146.990000,2181.562500
"2012-07-15 00:00:00",9550.741700,6324.401700,3226.340000,NULL
"2012-07-16 00:00:00",18247.646000,8262.312100,NULL,9985.333900
"2012-07-17 00:00:00",16397.557100,4492.448200,3182.000000,8723.108900
"2012-07-18 00:00:00",23598.283900,14480.923200,6935.798200,2181.562500
"2012-07-19 00:00:00",21889.700700,3443.787500,12820.563200,5625.350000
"2012-07-20 00:00:00",19015.641700,6544.687500,3964.990000,8505.964200
"2012-07-21 00:00:00",20281.447100,9376.775700,6674.010700,4230.660700
"2012-07-22 00:00:00",11059.457100,2181.562500,2443.350000,6434.544600
"2012-07-23 00:00:00",20145.099600,5407.902500,8324.973900,6412.223200
"2012-07-24 00:00:00",20517.332800,11037.135700,7036.847100,2443.350000
"2012-07-25 00:00:00",20835.526400,10856.448200,7146.990000,2832.088200
"2012-07-26 00:00:00",18683.865300,10705.662100,3747.542500,4230.660700
"2012-07-27 00:00:00",16577.502500,12214.377500,4363.125000,NULL
"2012-07-28 00:00:00",12824.446400,8726.250000,2049.098200,2049.098200
"2012-07-29 00:00:00",15220.431700,4252.982100,3226.340000,7741.109600
"2012-07-30 00:00:00",23309.822700,6935.798200,6434.544600,9939.479900
"2012-07-31 00:00:00",2888213.608371,2515382.261793,372831.346578,NULL
"2012-08-01 00:00:00",11554.455000,2964.552500,6806.475000,1783.427500
"2012-08-02 00:00:00",16814.130300,2181.562500,5492.885700,9139.682100
"2012-08-03 00:00:00",10443.874600,NULL,3637.399600,6806.475000
"2012-08-04 00:00:00",8726.250000,NULL,8726.250000,NULL
"2012-08-05 00:00:00",8988.037500,2181.562500,2181.562500,4624.912500
"2012-08-06 00:00:00",3226.340000,NULL,3226.340000,NULL
"2012-08-07 00:00:00",18755.923900,782.990000,13348.021400,4624.912500
"2012-08-08 00:00:00",15933.922000,4925.829200,4049.973200,6958.119600
"2012-08-09 00:00:00",16856.097800,4903.507800,8988.037500,2964.552500
"2012-08-10 00:00:00",15371.217800,3182.000000,7564.305300,4624.912500
"2012-08-11 00:00:00",9783.952100,3747.542500,2071.419600,3964.990000
"2012-08-12 00:00:00",18462.721000,9196.088200,2854.409600,6412.223200
"2012-08-13 00:00:00",16369.838500,782.990000,8890.516400,6696.332100
"2012-08-14 00:00:00",8855.573200,4624.912500,2181.562500,2049.098200
"2012-08-15 00:00:00",8262.312100,1565.980000,2071.419600,4624.912500
"2012-08-16 00:00:00",9726.687500,NULL,2181.562500,7545.125000
"2012-08-17 00:00:00",18668.102400,6935.798200,5035.972100,6696.332100
"2012-08-18 00:00:00",14257.220000,9111.105000,2964.552500,2181.562500
"2012-08-19 00:00:00",9868.935300,5120.955300,2181.562500,2566.417500
"2012-08-20 00:00:00",10904.671400,6279.758900,4624.912500,NULL
"2012-08-21 00:00:00",8328.115000,NULL,3964.990000,4363.125000
"2012-08-22 00:00:00",8602.827100,4637.837100,3182.000000,782.990000
"2012-08-23 00:00:00",15697.294200,2566.417500,4514.769600,8616.107100
"2012-08-24 00:00:00",9372.892500,1000.437500,782.990000,7589.465000
"2012-08-25 00:00:00",19363.270900,4925.829200,11472.889200,2964.552500
"2012-08-26 00:00:00",5013.650700,5013.650700,NULL,NULL
"2012-08-27 00:00:00",2854.409600,2854.409600,NULL,NULL
"2012-08-28 00:00:00",12950.189200,2071.419600,8435.419600,2443.350000
"2012-08-29 00:00:00",13599.670000,2181.562500,6190.892500,5227.215000
"2012-08-30 00:00:00",1815297.710825,1689222.502798,121171.700227,4903.507800
"2012-08-31 00:00:00",12726.925300,1565.980000,782.990000,10377.955300
"2012-09-01 00:00:00",15551.905300,2071.419600,2181.562500,11298.923200
"2012-09-02 00:00:00",12798.544600,3182.000000,9616.544600,NULL
"2012-09-03 00:00:00",5035.972100,2071.419600,782.990000,2181.562500
"2012-09-04 00:00:00",12183.704200,4098.196400,2071.419600,6014.088200
"2012-09-05 00:00:00",11488.652100,1565.980000,NULL,9922.672100
"2012-09-06 00:00:00",13869.526700,3182.000000,4252.982100,6434.544600
"2012-09-07 00:00:00",6958.119600,NULL,6958.119600,NULL
"2012-09-08 00:00:00",8593.785700,2181.562500,2181.562500,4230.660700
"2012-09-09 00:00:00",15574.226700,2071.419600,4886.700000,8616.107100
"2012-09-10 00:00:00",17916.638200,782.990000,7978.203200,9155.445000
"2012-09-11 00:00:00",24070.794100,3832.525700,4252.982100,15985.286300
"2012-09-12 00:00:00",12627.809600,NULL,3226.340000,9401.469600
"2012-09-13 00:00:00",10856.448200,2443.350000,3049.535700,5363.562500
"2012-09-14 00:00:00",13687.022400,5796.640700,5708.819200,2181.562500
"2012-09-15 00:00:00",10945.128200,3615.078200,7330.050000,NULL
"2012-09-16 00:00:00",13122.222000,6952.606000,NULL,6169.616000
"2012-09-17 00:00:00",21384.836900,4925.829200,3049.535700,13409.472000
"2012-09-18 00:00:00",14342.203200,5363.562500,6929.542500,2049.098200
"2012-09-19 00:00:00",19119.805200,4252.982100,5231.098200,9635.724900
"2012-09-20 00:00:00",12820.563200,6014.088200,6806.475000,NULL
"2012-09-21 00:00:00",12183.704200,NULL,3964.990000,8218.714200
"2012-09-22 00:00:00",18273.850600,5013.650700,4624.912500,8635.287400
"2012-09-23 00:00:00",12423.170300,4492.448200,2832.088200,5098.633900
"2012-09-24 00:00:00",15475.847100,4230.660700,5231.098200,6014.088200
"2012-09-25 00:00:00",6806.475000,4624.912500,NULL,2181.562500
"2012-09-26 00:00:00",10771.465000,1000.437500,6806.475000,2964.552500
"2012-09-27 00:00:00",10071.944200,NULL,782.990000,9288.954200
"2012-09-28 00:00:00",23374.114900,7696.769600,7936.235700,7741.109600
"2012-09-29 00:00:00",7191.330000,1783.427500,4624.912500,782.990000
"2012-09-30 00:00:00",3064632.130985,2727058.391634,332948.826851,4624.912500
"2012-10-01 00:00:00",8745.430300,2071.419600,2049.098200,4624.912500
"2012-10-02 00:00:00",10528.857800,4120.517800,2964.552500,3443.787500
"2012-10-03 00:00:00",2443.350000,2443.350000,NULL,NULL
"2012-10-04 00:00:00",7712.532500,3182.000000,2964.552500,1565.980000
"2012-10-05 00:00:00",16046.903200,782.990000,7545.125000,7718.788200
"2012-10-06 00:00:00",7036.847100,4072.294600,782.990000,2181.562500
"2012-10-07 00:00:00",13998.849900,4120.517800,2443.350000,7434.982100
"2012-10-08 00:00:00",7479.322100,782.990000,4252.982100,2443.350000
"2012-10-09 00:00:00",13759.081000,2049.098200,7346.857800,4363.125000
"2012-10-10 00:00:00",21086.758500,4120.517800,7457.000700,9509.240000
"2012-10-11 00:00:00",10771.465000,2443.350000,5363.562500,2964.552500
"2012-10-12 00:00:00",8855.573200,4492.448200,2181.562500,2181.562500
"2012-10-13 00:00:00",11321.244600,6806.475000,4514.769600,NULL
"2012-10-14 00:00:00",5297.759600,2854.409600,2443.350000,NULL
"2012-10-15 00:00:00",15371.217800,4492.448200,7696.769600,3182.000000
"2012-10-16 00:00:00",8761.193200,782.990000,5013.650700,2964.552500
"2012-10-17 00:00:00",11226.864600,4252.982100,782.990000,6190.892500
"2012-10-18 00:00:00",7302.517800,4120.517800,3182.000000,NULL
"2012-10-19 00:00:00",16503.347700,4903.507800,4120.517800,7479.322100
"2012-10-20 00:00:00",10108.401400,1783.427500,8324.973900,NULL
"2012-10-21 00:00:00",7479.322100,2854.409600,2443.350000,2181.562500
"2012-10-22 00:00:00",7036.847100,4072.294600,NULL,2964.552500
"2012-10-23 00:00:00",17768.411000,7735.596000,4886.700000,5146.115000
"2012-10-24 00:00:00",16073.107800,6302.080300,5407.902500,4363.125000
"2012-10-25 00:00:00",10333.731700,782.990000,7107.391700,2443.350000
"2012-10-26 00:00:00",13709.457500,5350.282500,5792.757500,2566.417500
"2012-10-27 00:00:00",10945.128200,3226.340000,3226.340000,4492.448200
"2012-10-28 00:00:00",10923.109600,NULL,6696.332100,4226.777500
"2012-10-29 00:00:00",15652.651400,8978.640700,4492.448200,2181.562500
"2012-10-30 00:00:00",2205251.312617,1937235.705192,261209.132425,6806.475000
"2012-10-31 00:00:00",14560.509200,6298.197100,2964.552500,5297.759600
"2012-11-01 00:00:00",29610.302400,8302.955300,12581.097100,8726.250000
"2012-11-02 00:00:00",3832.525700,1783.427500,NULL,2049.098200
"2012-11-03 00:00:00",20158.024200,9629.166400,3854.847100,6674.010700
"2012-11-04 00:00:00",11640.180300,2049.098200,7541.983900,2049.098200
"2012-11-05 00:00:00",28692.289200,8673.371700,10509.677500,9509.240000
"2012-11-06 00:00:00",18854.134500,7192.374900,2443.350000,9218.409600
"2012-11-07 00:00:00",9913.275300,NULL,3637.399600,6275.875700
"2012-11-08 00:00:00",16078.891700,7147.732100,3049.535700,5881.623900
"2012-11-09 00:00:00",24853.784100,10939.917400,9660.884600,4252.982100
"2012-11-10 00:00:00",32050.511300,7302.517800,15613.825000,9134.168500
"2012-11-11 00:00:00",22172.179200,3049.535700,7062.748900,12059.894600
"2012-11-12 00:00:00",25960.178500,8324.973900,9372.892500,8262.312100
"2012-11-13 00:00:00",9376.775700,2049.098200,5146.115000,2181.562500
"2012-11-14 00:00:00",15425.807100,4747.980000,5796.640700,4881.186400
"2012-11-15 00:00:00",18267.594900,5035.972100,4230.660700,9000.962100
"2012-11-16 00:00:00",19796.535500,4120.517800,9241.473100,6434.544600
"2012-11-17 00:00:00",28409.501500,8241.035600,9373.937400,10794.528500
"2012-11-18 00:00:00",24809.141300,7195.213200,5363.562500,12250.365600
"2012-11-19 00:00:00",5120.955300,NULL,4120.517800,1000.437500
"2012-11-20 00:00:00",19834.317000,8518.586000,9244.311400,2071.419600
"2012-11-21 00:00:00",21190.179900,11419.152400,2964.552500,6806.475000
"2012-11-22 00:00:00",22517.435900,2854.409600,11050.060300,8612.966000
"2012-11-23 00:00:00",12028.176400,2181.562500,4832.963200,5013.650700
"2012-11-24 00:00:00",15720.357700,7346.857800,4230.660700,4142.839200
"2012-11-25 00:00:00",15892.420300,4624.912500,5253.419600,6014.088200
"2012-11-26 00:00:00",20363.289200,6541.546400,3049.535700,10772.207100
"2012-11-27 00:00:00",22998.767100,3349.407500,15286.234600,4363.125000
"2012-11-28 00:00:00",15836.014200,NULL,6324.401700,9511.612500
"2012-11-29 00:00:00",11311.847800,NULL,5407.902500,5903.945300
"2012-11-30 00:00:00",1329986.583006,1250872.620382,75670.175124,3443.787500
"2012-12-01 00:00:00",19703.483100,782.990000,7864.177100,11056.316000
"2012-12-02 00:00:00",13519.614900,2964.552500,4252.982100,6302.080300
"2012-12-03 00:00:00",18628.973200,2049.098200,4624.912500,11954.962500
"2012-12-04 00:00:00",13497.293500,4120.517800,2964.552500,6412.223200
"2012-12-05 00:00:00",4363.125000,NULL,NULL,4363.125000
"2012-12-06 00:00:00",14623.171000,2566.417500,7958.557100,4098.196400
"2012-12-07 00:00:00",15733.282300,3637.399600,5120.955300,6974.927400
"2012-12-08 00:00:00",18141.689100,8395.821300,4624.912500,5120.955300
"2012-12-09 00:00:00",15558.271400,3615.078200,2964.552500,8978.640700
"2012-12-10 00:00:00",13976.528500,4492.448200,4230.660700,5253.419600
"2012-12-11 00:00:00",13254.686300,4903.507800,4252.982100,4098.196400
"2012-12-12 00:00:00",20861.731000,4230.660700,9546.000000,7085.070300
"2012-12-13 00:00:00",12339.232000,6169.616000,2049.098200,4120.517800
"2012-12-14 00:00:00",15997.908100,2854.409600,3747.542500,9395.956000
"2012-12-15 00:00:00",20057.278100,7058.865700,8745.430300,4252.982100
"2012-12-16 00:00:00",11047.222000,5903.945300,1000.437500,4142.839200
"2012-12-17 00:00:00",12972.207800,4492.448200,5407.902500,3071.857100
"2012-12-18 00:00:00",9418.277400,2049.098200,2443.350000,4925.829200
"2012-12-19 00:00:00",15176.833800,2049.098200,6563.867800,6563.867800
"2012-12-20 00:00:00",12316.168500,2071.419600,782.990000,9461.758900
"2012-12-21 00:00:00",16608.748900,4182.437500,5363.562500,7062.748900
"2012-12-22 00:00:00",21357.587400,4747.980000,6036.409600,10573.197800
"2012-12-23 00:00:00",13759.081000,2964.552500,8612.966000,2181.562500
"2012-12-24 00:00:00",6298.197100,3443.787500,2071.419600,782.990000
"2012-12-25 00:00:00",20300.627400,2049.098200,6302.080300,11949.448900
"2012-12-26 00:00:00",5275.438200,2049.098200,782.990000,2443.350000
"2012-12-27 00:00:00",11450.567800,2443.350000,2443.350000,6563.867800
"2012-12-28 00:00:00",13474.230000,2181.562500,7545.125000,3747.542500
"2012-12-29 00:00:00",9240.428200,782.990000,3226.340000,5231.098200
"2012-12-30 00:00:00",17468.539200,8351.178500,4492.448200,4624.912500
"2012-12-31 00:00:00",2402984.396743,2131249.467467,264365.750076,7369.179200
"2013-01-01 00:00:00",19623.897100,2832.088200,7068.262500,9723.546400
"2013-01-02 00:00:00",11302.451000,NULL,9736.471000,1565.980000
"2013-01-03 00:00:00",30851.064500,5926.266700,7851.252500,17073.545300
"2013-01-04 00:00:00",16834.821300,8351.178500,4230.660700,4252.982100
"2013-01-05 00:00:00",22601.374200,9673.506400,8745.430300,4182.437500
"2013-01-06 00:00:00",15937.805200,4098.196400,NULL,11839.608800
"2013-01-07 00:00:00",17215.793100,2964.552500,7298.634600,6952.606000
"2013-01-08 00:00:00",20491.401200,2071.419600,10156.624600,8263.357000
"2013-01-09 00:00:00",14937.367700,6302.080300,4142.839200,4492.448200
"2013-01-10 00:00:00",8351.178500,NULL,4252.982100,4098.196400
"2013-01-11 00:00:00",18597.088700,4142.839200,3226.340000,11227.909500
"2013-01-12 00:00:00",20359.708800,3443.787500,8542.421400,8373.499900
"2013-01-13 00:00:00",18595.185300,6146.552500,7545.125000,4903.507800
"2013-01-14 00:00:00",18592.044200,3854.847100,2443.350000,12293.847100
"2013-01-15 00:00:00",8241.035600,2049.098200,4120.517800,2071.419600
"2013-01-16 00:00:00",24793.378400,2049.098200,9745.867800,12998.412400
"2013-01-17 00:00:00",24439.583400,2832.088200,7696.769600,13910.725600
"2013-01-18 00:00:00",19122.643500,7302.517800,5146.115000,6674.010700
"2013-01-19 00:00:00",17484.302100,3615.078200,2049.098200,11820.125700
"2013-01-20 00:00:00",20287.650200,5664.176400,8369.616700,6253.857100
"2013-01-21 00:00:00",21481.010300,2181.562500,10443.874600,8855.573200
"2013-01-22 00:00:00",4009.330000,782.990000,NULL,3226.340000
"2013-01-23 00:00:00",19663.026300,6686.935300,8745.430300,4230.660700
"2013-01-24 00:00:00",28936.500300,1000.437500,17230.400700,10705.662100
"2013-01-25 00:00:00",10067.758200,4009.330000,4009.330000,2049.098200
"2013-01-26 00:00:00",5363.562500,1000.437500,2181.562500,2181.562500
"2013-01-27 00:00:00",12771.568100,2832.088200,3747.542500,6191.937400
"2013-01-28 00:00:00",1573991.423804,1387731.757704,181621.829000,4637.837100
"2013-01-29 00:00:00",19707.669100,10551.179200,2854.409600,6302.080300
"2013-01-30 00:00:00",11315.731000,2071.419600,2181.562500,7062.748900
"2013-01-31 00:00:00",11905.108900,NULL,7806.912500,4098.196400
"2013-02-01 00:00:00",33055.690500,8129.847800,10926.992800,13998.849900
"2013-02-02 00:00:00",9852.127500,2783.865000,4624.912500,2443.350000
"2013-02-03 00:00:00",12985.132400,3832.525700,7081.187100,2071.419600
"2013-02-04 00:00:00",24456.694000,2071.419600,7868.060300,14517.214100
"2013-02-05 00:00:00",9134.168500,2832.088200,NULL,6302.080300
"2013-02-06 00:00:00",9528.420300,4252.982100,782.990000,4492.448200
"2013-02-07 00:00:00",13099.158500,NULL,6014.088200,7085.070300
"2013-02-08 00:00:00",33090.633700,7757.917400,10900.788200,14431.928100
"2013-02-09 00:00:00",14915.046300,2071.419600,4492.448200,8351.178500
"2013-02-10 00:00:00",16591.169200,4492.448200,9266.632800,2832.088200
"2013-02-11 00:00:00",11211.101700,6324.401700,2443.350000,2443.350000
"2013-02-12 00:00:00",13957.348200,1000.437500,8593.785700,4363.125000
"2013-02-13 00:00:00",18491.298100,2071.419600,9117.360700,7302.517800
"2013-02-14 00:00:00",29939.493400,6302.080300,14503.244600,9134.168500
"2013-02-15 00:00:00",19898.912000,3071.857100,10528.857800,6298.197100
"2013-02-16 00:00:00",15794.899200,3615.078200,6275.875700,5903.945300
"2013-02-17 00:00:00",8479.759600,3964.990000,NULL,4514.769600
"2013-02-18 00:00:00",8687.810300,1000.437500,6121.392800,1565.980000
"2013-02-19 00:00:00",12821.305300,NULL,4492.448200,8328.857100
"2013-02-20 00:00:00",6797.078200,3832.525700,2964.552500,NULL
"2013-02-21 00:00:00",8657.608800,2071.419600,2443.350000,4142.839200
"2013-02-22 00:00:00",11505.459900,5686.497800,782.990000,5035.972100
"2013-02-23 00:00:00",5686.497800,1565.980000,2049.098200,2071.419600
"2013-02-24 00:00:00",24681.887800,2049.098200,10683.340700,11949.448900
"2013-02-25 00:00:00",17551.266300,5708.819200,3226.340000,8616.107100
"2013-02-26 00:00:00",20934.648100,2181.562500,7068.262500,11684.823100
"2013-02-27 00:00:00",20805.324900,5120.955300,8877.894600,6806.475000
"2013-02-28 00:00:00",1884312.210980,1761827.941244,121483.832236,1000.437500
"2013-03-01 00:00:00",26338.081900,8328.857100,4492.448200,13516.776600
"2013-03-02 00:00:00",8195.650700,2181.562500,3182.000000,2832.088200
"2013-03-03 00:00:00",19375.034200,3832.525700,10506.536400,5035.972100
"2013-03-04 00:00:00",16363.303400,6099.071400,5120.955300,5143.276700
"2013-03-05 00:00:00",8413.098200,1000.437500,3182.000000,4230.660700
"2013-03-06 00:00:00",18831.510300,2832.088200,NULL,15999.422100
"2013-03-07 00:00:00",23720.882300,3615.078200,9550.741700,10555.062400
"2013-03-08 00:00:00",19119.805200,5363.562500,6586.189200,7170.053500
"2013-03-09 00:00:00",12316.910600,2049.098200,2049.098200,8218.714200
"2013-03-10 00:00:00",24067.653000,7192.374900,11577.518500,5297.759600
"2013-03-11 00:00:00",12622.598800,2071.419600,2964.552500,7586.626700
"2013-03-12 00:00:00",29402.335600,8846.176400,14121.614600,6434.544600
"2013-03-13 00:00:00",13693.580900,6586.189200,2854.409600,4252.982100
"2013-03-14 00:00:00",16742.071700,4637.837100,6806.475000,5297.759600
"2013-03-15 00:00:00",13911.028400,2071.419600,7696.769600,4142.839200
"2013-03-16 00:00:00",25764.193900,3566.855000,5625.350000,16571.988900
"2013-03-17 00:00:00",22504.511300,2854.409600,6279.758900,13370.342800
"2013-03-18 00:00:00",11094.400300,2071.419600,4398.068200,4624.912500
"2013-03-19 00:00:00",13772.005600,2832.088200,6819.399600,4120.517800
"2013-03-20 00:00:00",5530.970000,2566.417500,2964.552500,NULL
"2013-03-21 00:00:00",8453.555000,4226.777500,2443.350000,1783.427500
"2013-03-22 00:00:00",10159.765700,2049.098200,5146.115000,2964.552500
"2013-03-23 00:00:00",27973.864400,9939.479900,7327.677500,10706.707000
"2013-03-24 00:00:00",23318.864100,4637.837100,6797.078200,11883.948800
"2013-03-25 00:00:00",11434.915300,5796.640700,2000.875000,3637.399600
"2013-03-26 00:00:00",19600.364500,2964.552500,2964.552500,13671.259500
"2013-03-27 00:00:00",15940.946300,4252.982100,5363.562500,6324.401700
"2013-03-28 00:00:00",11510.115000,NULL,5363.562500,6146.552500
"2013-03-29 00:00:00",17193.471700,3071.857100,11289.526400,2832.088200
"2013-03-30 00:00:00",2902832.685835,2588181.808087,307458.502848,7192.374900
"2013-03-31 00:00:00",21870.793400,11183.266700,6544.687500,4142.839200
"2013-04-01 00:00:00",21306.525900,5638.274600,3784.302500,11883.948800
"2013-04-02 00:00:00",17070.404200,9985.333900,2964.552500,4120.517800
"2013-04-03 00:00:00",20654.067000,4098.196400,10869.372800,5686.497800
"2013-04-04 00:00:00",24977.593700,10346.656300,6302.080300,8328.857100
"2013-04-05 00:00:00",16918.759600,3049.535700,7457.000700,6412.223200
"2013-04-06 00:00:00",25894.562000,5903.945300,12426.311400,7564.305300
"2013-04-07 00:00:00",12529.732800,6904.382800,2181.562500,3443.787500
"2013-04-08 00:00:00",10267.070300,2181.562500,5035.972100,3049.535700
"2013-04-09 00:00:00",19305.534500,4049.973200,8085.507800,7170.053500
"2013-04-10 00:00:00",21685.919900,4098.196400,5227.215000,12360.508500
"2013-04-11 00:00:00",11719.024200,NULL,7298.634600,4420.389600
"2013-04-12 00:00:00",16663.175200,5881.623900,4855.284600,5926.266700
"2013-04-13 00:00:00",15867.260600,3049.535700,2181.562500,10636.162400
"2013-04-14 00:00:00",12157.802400,5050.410700,2964.552500,4142.839200
"2013-04-15 00:00:00",13231.622800,NULL,9484.080300,3747.542500
"2013-04-16 00:00:00",4624.912500,NULL,2443.350000,2181.562500
"2013-04-17 00:00:00",13516.473800,4925.829200,4492.448200,4098.196400
"2013-04-18 00:00:00",16303.479900,5926.266700,7412.660700,2964.552500
"2013-04-19 00:00:00",17724.071000,4230.660700,8085.507800,5407.902500
"2013-04-20 00:00:00",20486.659500,5098.633900,3049.535700,12338.489900
"2013-04-21 00:00:00",21560.479900,4252.982100,11027.738900,6279.758900
"2013-04-22 00:00:00",26135.352400,12749.246700,5929.105000,7457.000700
"2013-04-23 00:00:00",11267.507800,1783.427500,3182.000000,6302.080300
"2013-04-24 00:00:00",19686.089800,11073.123800,4492.448200,4120.517800
"2013-04-25 00:00:00",18268.337000,6169.616000,5818.962100,6279.758900
"2013-04-26 00:00:00",20228.568800,7890.381700,782.990000,11555.197100
"2013-04-27 00:00:00",15237.239500,9829.337000,782.990000,4624.912500
"2013-04-28 00:00:00",27077.317400,1783.427500,11250.700000,14043.189900
"2013-04-29 00:00:00",26456.221300,13165.819900,7014.525700,6275.875700
"2013-04-30 00:00:00",2013444.146699,1775803.215071,225297.230928,12343.700700
"2013-05-01 00:00:00",22098.024400,3049.535700,12856.551300,6191.937400
"2013-05-02 00:00:00",9841.216700,4637.837100,2854.409600,2348.970000
"2013-05-03 00:00:00",13028.613900,2783.865000,6014.088200,4230.660700
"2013-05-04 00:00:00",11962.373500,1000.437500,8612.966000,2348.970000
"2013-05-05 00:00:00",20711.989800,4142.839200,5363.562500,11205.588100
"2013-05-06 00:00:00",17348.257400,4637.837100,6014.088200,6696.332100
"2013-05-07 00:00:00",31240.544800,12382.829900,10267.070300,8590.644600
"2013-05-08 00:00:00",13733.921300,6169.616000,1000.437500,6563.867800
"2013-05-09 00:00:00",24479.015400,10852.095900,4120.517800,9506.401700
"2013-05-10 00:00:00",20345.270200,NULL,10816.849900,9528.420300
"2013-05-11 00:00:00",21213.243400,7346.857800,7696.769600,6169.616000
"2013-05-12 00:00:00",19296.609500,7085.070300,2071.419600,10140.119600
"2013-05-13 00:00:00",17238.114500,2071.419600,10156.927400,5009.767500
"2013-05-14 00:00:00",25137.893000,2854.409600,10443.874600,11839.608800
"2013-05-15 00:00:00",10263.187100,782.990000,7036.847100,2443.350000
"2013-05-16 00:00:00",17437.123800,2071.419600,8085.507800,7280.196400
"2013-05-17 00:00:00",14933.484500,3854.847100,9029.539200,2049.098200
"2013-05-18 00:00:00",23565.354500,7274.799200,16290.555300,NULL
"2013-05-19 00:00:00",16322.660200,5903.945300,782.990000,9635.724900
"2013-05-20 00:00:00",24517.266000,7121.830300,6452.680000,10942.755700
"2013-05-21 00:00:00",9130.285300,4120.517800,4226.777500,782.990000
"2013-05-22 00:00:00",15782.277400,6275.875700,4363.125000,5143.276700
"2013-05-23 00:00:00",19442.740500,2832.088200,10418.714900,6191.937400
"2013-05-24 00:00:00",15759.956000,NULL,7346.857800,8413.098200
"2013-05-25 00:00:00",11678.264600,2832.088200,2832.088200,6014.088200
"2013-05-26 00:00:00",28395.532000,4230.660700,15923.835700,8241.035600
"2013-05-27 00:00:00",21557.758000,6036.409600,7369.179200,8152.169200
"2013-05-28 00:00:00",13210.043500,6930.284600,NULL,6279.758900
"2013-05-29 00:00:00",19556.766600,4903.507800,6302.080300,8351.178500
"2013-05-30 00:00:00",2691315.606679,2236677.833429,401110.879475,53526.893775
"2013-05-31 00:00:00",25080.360000,5231.890000,11248.290000,8600.180000
"2013-06-01 00:00:00",34815.400000,4833.720000,13271.330000,16710.350000
"2013-06-02 00:00:00",43425.730000,9430.310000,18245.460000,15749.960000
"2013-06-03 00:00:00",29456.250000,7807.430000,18151.880000,3496.940000
"2013-06-04 00:00:00",12775.330000,4796.410000,3203.420000,4775.500000
"2013-06-05 00:00:00",32708.450000,7627.880000,14378.810000,10701.760000
"2013-06-06 00:00:00",27369.340000,4741.340000,12725.810000,9902.190000
"2013-06-07 00:00:00",32681.440000,3475.160000,16056.570000,13149.710000
"2013-06-08 00:00:00",21787.020000,9708.170000,8469.050000,3609.800000
"2013-06-09 00:00:00",43285.740000,14197.870000,12477.440000,16610.430000
"2013-06-10 00:00:00",22765.590000,10874.720000,6545.610000,5345.260000
"2013-06-11 00:00:00",29735.140000,8499.400000,2521.290000,18714.450000
"2013-06-12 00:00:00",27143.740000,16033.720000,11110.020000,NULL
"2013-06-13 00:00:00",30792.070000,10556.090000,11093.700000,9142.280000
"2013-06-14 00:00:00",24151.720000,13887.530000,5443.880000,4820.310000
"2013-06-15 00:00:00",29332.060000,10047.700000,8533.600000,10750.760000
"2013-06-16 00:00:00",16864.170000,6989.200000,8148.990000,1725.980000
"2013-06-17 00:00:00",17740.480000,11227.920000,4244.860000,2267.700000
"2013-06-18 00:00:00",43007.060000,15736.310000,15229.220000,12041.530000
"2013-06-19 00:00:00",10662.100000,4640.940000,5243.720000,777.440000
"2013-06-20 00:00:00",29251.130000,11963.050000,12466.170000,4821.910000
"2013-06-21 00:00:00",27969.630000,7591.380000,9595.610000,10782.640000
"2013-06-22 00:00:00",46251.490000,16983.780000,18458.470000,10809.240000
"2013-06-23 00:00:00",24486.970000,4625.430000,12102.600000,7758.940000
"2013-06-24 00:00:00",37173.290000,16014.870000,11552.230000,9606.190000
"2013-06-25 00:00:00",20063.240000,10159.140000,6933.870000,2970.230000
"2013-06-26 00:00:00",21670.410000,3419.200000,12184.870000,6066.340000
"2013-06-27 00:00:00",46265.110000,14842.940000,16324.890000,15097.280000
"2013-06-28 00:00:00",21245.650000,6347.120000,9584.580000,5313.950000
"2013-06-29 00:00:00",32820.600000,11330.840000,14438.870000,7050.890000
"2013-06-30 00:00:00",4243372.781596,2917743.233894,1186170.565463,139458.982239
"2013-07-01 00:00:00",17544.650000,6560.140000,6450.890000,4533.620000
"2013-07-02 00:00:00",34958.320000,17201.230000,11419.720000,6337.370000
"2013-07-03 00:00:00",23286.940000,8828.820000,10804.610000,3653.510000
"2013-07-04 00:00:00",10631.960000,8970.040000,291.250000,1370.670000
"2013-07-05 00:00:00",31641.040000,6102.740000,18717.410000,6820.890000
"2013-07-06 00:00:00",39821.900000,7043.400000,12064.940000,20713.560000
"2013-07-07 00:00:00",41050.110000,16313.930000,14058.820000,10677.360000
"2013-07-08 00:00:00",36502.490000,13867.730000,8046.280000,14588.480000
"2013-07-09 00:00:00",9256.880000,4393.660000,4126.060000,737.160000
"2013-07-10 00:00:00",23441.980000,9829.650000,9725.660000,3886.670000
"2013-07-11 00:00:00",38978.880000,11700.500000,17009.680000,10268.700000
"2013-07-12 00:00:00",27145.680000,16637.730000,9655.590000,852.360000
"2013-07-13 00:00:00",22354.940000,11115.590000,8478.960000,2760.390000
"2013-07-14 00:00:00",8935.530000,3200.940000,5320.920000,413.670000
"2013-07-15 00:00:00",24718.880000,10122.270000,13264.000000,1332.610000
"2013-07-16 00:00:00",30727.650000,10497.430000,11095.020000,9135.200000
"2013-07-17 00:00:00",43821.130000,14817.450000,20226.160000,8777.520000
"2013-07-18 00:00:00",32532.880000,18634.440000,10563.900000,3334.540000
"2013-07-19 00:00:00",22848.500000,6518.910000,7993.050000,8336.540000
"2013-07-20 00:00:00",22208.330000,11120.910000,10860.590000,226.830000
"2013-07-21 00:00:00",16582.670000,12571.390000,484.270000,3527.010000
"2013-07-22 00:00:00",23768.640000,6004.130000,10375.090000,7389.420000
"2013-07-23 00:00:00",38394.420000,24809.000000,7599.640000,5985.780000
"2013-07-24 00:00:00",34077.160000,16531.730000,14346.160000,3199.270000
"2013-07-25 00:00:00",33445.820000,12883.860000,14426.180000,6135.780000
"2013-07-26 00:00:00",16562.790000,7730.520000,3704.520000,5127.750000
"2013-07-27 00:00:00",29636.850000,18083.630000,11381.920000,171.300000
"2013-07-28 00:00:00",33871.060000,10709.580000,10715.430000,12446.050000
"2013-07-29 00:00:00",30886.490000,9578.920000,6333.870000,14973.700000
"2013-07-30 00:00:00",25334.160000,11918.770000,8193.370000,5222.020000
"2013-07-31 00:00:00",4071385.007794,2969971.985183,827570.434802,273842.587809
"2013-08-01 00:00:00",39771.100000,12331.320000,16332.030000,11107.750000
"2013-08-02 00:00:00",39824.630000,18993.160000,8526.530000,12304.940000
"2013-08-03 00:00:00",27876.130000,5361.390000,13620.870000,8893.870000
"2013-08-04 00:00:00",37420.710000,21904.610000,5366.920000,10149.180000
"2013-08-05 00:00:00",34742.530000,6406.770000,13902.190000,14433.570000
"2013-08-06 00:00:00",30966.900000,8623.730000,7889.350000,14453.820000
"2013-08-07 00:00:00",36027.710000,17105.570000,13370.330000,5551.810000
"2013-08-08 00:00:00",39610.760000,19757.870000,14550.000000,5302.890000
"2013-08-09 00:00:00",31852.730000,8198.190000,17581.820000,6072.720000
"2013-08-10 00:00:00",22015.540000,10624.590000,7090.310000,4300.640000
"2013-08-11 00:00:00",38930.500000,7257.670000,10973.530000,20699.300000
"2013-08-12 00:00:00",55983.340000,12081.530000,27889.700000,16012.110000
"2013-08-13 00:00:00",36316.700000,7306.160000,15006.390000,14004.150000
"2013-08-14 00:00:00",31670.590000,11328.370000,14285.510000,6056.710000
"2013-08-15 00:00:00",22219.780000,6513.950000,8220.310000,7485.520000
"2013-08-16 00:00:00",25425.580000,7946.500000,11910.570000,5568.510000
"2013-08-17 00:00:00",32091.450000,12037.970000,6278.460000,13775.020000
"2013-08-18 00:00:00",57809.790000,23903.020000,21242.170000,12664.600000
"2013-08-19 00:00:00",46671.490000,15733.450000,19117.530000,11820.510000
"2013-08-20 00:00:00",23583.090000,7979.100000,5161.130000,10442.860000
"2013-08-21 00:00:00",41473.880000,16783.970000,11370.150000,13319.760000
"2013-08-22 00:00:00",36721.220000,7560.700000,15176.650000,13983.870000
"2013-08-23 00:00:00",25622.810000,6190.840000,8231.360000,11200.610000
"2013-08-24 00:00:00",31296.560000,14221.550000,10385.610000,6689.400000
"2013-08-25 00:00:00",28647.120000,12466.880000,7029.780000,9150.460000
"2013-08-26 00:00:00",38171.160000,11583.030000,7294.060000,19294.070000
"2013-08-27 00:00:00",22332.070000,8696.020000,4025.000000,9611.050000
"2013-08-28 00:00:00",22851.990000,2438.090000,11456.220000,8957.680000
"2013-08-29 00:00:00",30160.350000,8269.420000,6478.070000,15412.860000
"2013-08-30 00:00:00",2307992.367555,1869306.777084,375399.248471,63286.342000
"2013-08-31 00:00:00",37883.490000,13973.030000,11131.410000,12779.050000
"2013-09-01 00:00:00",31103.130000,6834.560000,12799.370000,11469.200000
"2013-09-02 00:00:00",34252.690000,11250.100000,12245.900000,10756.690000
"2013-09-03 00:00:00",40796.040000,21880.440000,8214.420000,10701.180000
"2013-09-04 00:00:00",44971.070000,23042.590000,8094.690000,13833.790000
"2013-09-05 00:00:00",25428.940000,12014.930000,12156.610000,1257.400000
"2013-09-06 00:00:00",45482.010000,17188.530000,12326.010000,15967.470000
"2013-09-07 00:00:00",39051.420000,12805.270000,17467.750000,8778.400000
"2013-09-08 00:00:00",27693.900000,11803.000000,9272.730000,6618.170000
"2013-09-09 00:00:00",39658.490000,16052.130000,11322.920000,12283.440000
"2013-09-10 00:00:00",37216.360000,9276.430000,19098.540000,8841.390000
"2013-09-11 00:00:00",34319.740000,14346.730000,12490.850000,7482.160000
"2013-09-12 00:00:00",37204.910000,19302.820000,4908.400000,12993.690000
"2013-09-13 00:00:00",37378.340000,14260.470000,12571.200000,10546.670000
"2013-09-14 00:00:00",26819.840000,10769.360000,8659.720000,7390.760000
"2013-09-15 00:00:00",36773.110000,3113.170000,10626.510000,23033.430000
"2013-09-16 00:00:00",45650.090000,18959.920000,7281.070000,19409.100000
"2013-09-17 00:00:00",39352.120000,7665.600000,16731.890000,14954.630000
"2013-09-18 00:00:00",22301.670000,8923.140000,7873.450000,5505.080000
"2013-09-19 00:00:00",34310.930000,9197.460000,15764.950000,9348.520000
"2013-09-20 00:00:00",43325.980000,15908.660000,12869.720000,14547.600000
"2013-09-21 00:00:00",38076.700000,19724.470000,13482.250000,4869.980000
"2013-09-22 00:00:00",17996.060000,4584.330000,8114.370000,5297.360000
"2013-09-23 00:00:00",27583.840000,14022.720000,2912.540000,10648.580000
"2013-09-24 00:00:00",44684.930000,18492.440000,12503.730000,13688.760000
"2013-09-25 00:00:00",31332.810000,6114.090000,13176.780000,12041.940000
"2013-09-26 00:00:00",35940.800000,12667.960000,11310.090000,11962.750000
"2013-09-27 00:00:00",27813.410000,9874.930000,6997.750000,10940.730000
"2013-09-28 00:00:00",36069.570000,4872.660000,13125.200000,18071.710000
"2013-09-29 00:00:00",36041.500000,14435.190000,11922.500000,9683.810000
"2013-09-30 00:00:00",3514278.305303,2350550.132135,1029542.919168,134185.254000
"2013-10-01 00:00:00",38023.420000,14117.840000,15581.480000,8324.100000
"2013-10-02 00:00:00",49081.400000,23151.930000,7550.890000,18378.580000
"2013-10-03 00:00:00",28476.540000,16181.620000,2767.830000,9527.090000
"2013-10-04 00:00:00",32476.960000,21532.930000,4797.100000,6146.930000
"2013-10-05 00:00:00",38762.570000,16944.250000,9534.190000,12284.130000
"2013-10-06 00:00:00",39303.620000,20583.840000,6836.370000,11883.410000
"2013-10-07 00:00:00",28390.220000,6408.860000,11038.740000,10942.620000
"2013-10-08 00:00:00",46553.410000,22909.360000,13869.200000,9774.850000
"2013-10-09 00:00:00",52843.560000,19649.590000,15402.790000,17791.180000
"2013-10-10 00:00:00",18442.190000,9759.340000,5773.020000,2909.830000
"2013-10-11 00:00:00",36868.670000,13808.820000,15381.520000,7678.330000
"2013-10-12 00:00:00",36145.210000,12001.720000,14536.880000,9606.610000
"2013-10-13 00:00:00",36084.740000,9514.330000,13115.820000,13454.590000
"2013-10-14 00:00:00",41838.990000,22469.130000,9516.210000,9853.650000
"2013-10-15 00:00:00",38193.160000,16975.270000,12341.470000,8876.420000
"2013-10-16 00:00:00",41496.520000,14825.870000,16408.370000,10262.280000
"2013-10-17 00:00:00",39300.190000,15211.250000,17957.160000,6131.780000
"2013-10-18 00:00:00",43510.920000,11054.090000,10694.680000,21762.150000
"2013-10-19 00:00:00",26966.200000,11367.820000,9522.540000,6075.840000
"2013-10-20 00:00:00",38025.500000,18455.600000,8765.860000,10804.040000
"2013-10-21 00:00:00",58402.960000,18190.650000,16632.870000,23579.440000
"2013-10-22 00:00:00",38000.760000,16807.570000,10489.200000,10703.990000
"2013-10-23 00:00:00",61004.750000,26724.330000,21823.450000,12456.970000
"2013-10-24 00:00:00",35148.850000,9275.280000,14106.540000,11767.030000
"2013-10-25 00:00:00",42799.340000,7798.750000,22852.170000,12148.420000
"2013-10-26 00:00:00",50332.820000,19389.010000,17181.340000,13762.470000
"2013-10-27 00:00:00",53495.710000,21479.110000,18804.180000,13212.420000
"2013-10-28 00:00:00",45631.110000,20046.300000,16252.760000,9332.050000
"2013-10-29 00:00:00",33988.450000,17707.570000,10309.770000,5971.110000
"2013-10-30 00:00:00",3574272.949802,2580271.716613,764204.880623,229796.352566
"2013-10-31 00:00:00",51951.600000,18938.790000,15907.230000,17105.580000
"2013-11-01 00:00:00",62935.460000,34061.520000,20670.700000,8203.240000
"2013-11-02 00:00:00",51323.580000,18516.800000,23725.410000,9081.370000
"2013-11-03 00:00:00",55816.680000,29788.990000,14482.180000,11545.510000
"2013-11-04 00:00:00",72376.460000,25186.170000,30318.970000,16871.320000
"2013-11-05 00:00:00",77359.340000,30867.860000,23642.640000,22848.840000
"2013-11-06 00:00:00",47438.010000,22281.630000,12637.230000,12519.150000
"2013-11-07 00:00:00",46708.250000,14108.240000,17640.110000,14959.900000
"2013-11-08 00:00:00",28462.060000,13359.330000,8606.550000,6496.180000
"2013-11-09 00:00:00",57790.020000,34548.780000,13613.160000,9628.080000
"2013-11-10 00:00:00",69712.490000,35734.980000,21705.900000,12271.610000
"2013-11-11 00:00:00",59151.700000,26633.140000,21871.650000,10646.910000
"2013-11-12 00:00:00",60327.800000,22168.200000,25439.170000,12720.430000
"2013-11-13 00:00:00",57660.180000,26765.800000,20199.750000,10694.630000
"2013-11-14 00:00:00",36793.070000,18257.280000,9180.010000,9355.780000
"2013-11-15 00:00:00",49744.410000,21352.590000,13542.980000,14848.840000
"2013-11-16 00:00:00",67078.760000,31162.510000,28425.300000,7490.950000
"2013-11-17 00:00:00",63750.550000,24255.270000,25741.990000,13753.290000
"2013-11-18 00:00:00",67958.680000,31203.360000,14487.390000,22267.930000
"2013-11-19 00:00:00",63875.150000,29179.820000,20711.840000,13983.490000
"2013-11-20 00:00:00",34686.290000,14900.140000,17896.740000,1889.410000
"2013-11-21 00:00:00",54909.800000,11256.480000,20618.240000,23035.080000
"2013-11-22 00:00:00",43262.200000,19789.310000,12814.870000,10658.020000
"2013-11-23 00:00:00",51595.560000,22843.420000,12758.450000,15993.690000
"2013-11-24 00:00:00",60689.650000,22798.080000,25123.690000,12767.880000
"2013-11-25 00:00:00",48388.780000,16244.990000,15974.600000,16169.190000
"2013-11-26 00:00:00",54856.920000,27614.900000,16858.520000,10383.500000
"2013-11-27 00:00:00",53955.430000,27115.440000,24308.250000,2531.740000
"2013-11-28 00:00:00",59653.150000,31645.200000,21016.240000,6991.710000
"2013-11-29 00:00:00",58523.150000,20871.200000,25133.030000,12518.920000
"2013-11-30 00:00:00",1695346.665587,1370827.431777,250113.017810,74406.216000
"2013-12-01 00:00:00",42043.500000,14720.990000,14765.560000,12556.950000
"2013-12-02 00:00:00",46519.080000,22289.300000,15938.700000,8291.080000
"2013-12-03 00:00:00",39773.730000,11804.900000,16157.300000,11811.530000
"2013-12-04 00:00:00",38727.370000,17943.040000,11749.570000,9034.760000
"2013-12-05 00:00:00",35559.610000,9475.500000,16243.940000,9840.170000
"2013-12-06 00:00:00",53206.930000,29524.380000,11322.870000,12359.680000
"2013-12-07 00:00:00",49743.610000,22496.060000,21605.190000,5642.360000
"2013-12-08 00:00:00",35343.950000,21674.580000,4024.670000,9644.700000
"2013-12-09 00:00:00",48424.340000,25896.350000,15479.400000,7048.590000
"2013-12-10 00:00:00",48800.980000,18567.470000,11433.720000,18799.790000
"2013-12-11 00:00:00",46615.600000,22907.860000,8274.520000,15433.220000
"2013-12-12 00:00:00",41774.310000,18875.230000,8349.980000,14549.100000
"2013-12-13 00:00:00",45260.830000,16706.570000,12632.800000,15921.460000
"2013-12-14 00:00:00",50908.560000,13478.980000,12712.980000,24716.600000
"2013-12-15 00:00:00",43804.240000,12267.210000,17026.900000,14510.130000
"2013-12-16 00:00:00",30545.370000,9685.390000,8407.950000,12452.030000
"2013-12-17 00:00:00",29326.140000,7404.000000,11430.500000,10491.640000
"2013-12-18 00:00:00",34962.340000,20565.290000,4825.830000,9571.220000
"2013-12-19 00:00:00",59580.220000,21425.870000,24659.920000,13494.430000
"2013-12-20 00:00:00",37738.080000,13680.340000,13030.550000,11027.190000
"2013-12-21 00:00:00",43055.600000,13670.780000,20264.560000,9120.260000
"2013-12-22 00:00:00",37773.270000,18088.500000,11997.460000,7687.310000
"2013-12-23 00:00:00",68970.860000,25907.420000,16352.090000,26711.350000
"2013-12-24 00:00:00",33463.930000,15802.620000,10274.030000,7387.280000
"2013-12-25 00:00:00",44681.120000,9520.650000,20016.840000,15143.630000
"2013-12-26 00:00:00",53211.180000,19485.500000,16471.760000,17253.920000
"2013-12-27 00:00:00",53248.190000,18137.830000,18574.750000,16535.610000
"2013-12-28 00:00:00",40887.250000,18668.090000,12482.170000,9736.990000
"2013-12-29 00:00:00",43494.160000,24932.200000,14497.310000,4064.650000
"2013-12-30 00:00:00",36406.400000,8180.740000,8484.380000,19741.280000
"2013-12-31 00:00:00",2761635.875601,1885060.702301,788503.743300,88071.430000
"2014-01-01 00:00:00",49410.450000,10341.580000,23282.640000,15786.230000
"2014-01-02 00:00:00",56973.430000,20645.190000,19804.710000,16523.530000
"2014-01-03 00:00:00",48906.900000,14229.570000,17735.470000,16941.860000
"2014-01-04 00:00:00",54848.900000,25204.760000,18028.580000,11615.560000
"2014-01-05 00:00:00",47478.020000,24879.500000,9344.920000,13253.600000
"2014-01-06 00:00:00",70142.650000,21081.940000,25336.460000,23724.250000
"2014-01-07 00:00:00",66423.710000,25860.030000,17812.020000,22751.660000
"2014-01-08 00:00:00",42199.230000,7054.200000,17799.270000,17345.760000
"2014-01-09 00:00:00",48412.650000,27314.080000,8891.830000,12206.740000
"2014-01-10 00:00:00",38029.710000,14575.440000,13166.170000,10288.100000
"2014-01-11 00:00:00",33475.590000,13373.950000,6457.120000,13644.520000
"2014-01-12 00:00:00",41296.760000,13898.760000,17906.200000,9491.800000
"2014-01-13 00:00:00",52286.250000,19815.190000,22078.180000,10392.880000
"2014-01-14 00:00:00",65555.210000,31821.810000,16919.380000,16814.020000
"2014-01-15 00:00:00",37642.020000,12843.350000,12902.390000,11896.280000
"2014-01-16 00:00:00",60644.910000,22748.800000,19150.940000,18745.170000
"2014-01-17 00:00:00",57640.520000,32187.050000,13697.160000,11756.310000
"2014-01-18 00:00:00",41830.220000,14487.910000,19667.430000,7674.880000
"2014-01-19 00:00:00",81544.490000,32299.510000,31577.950000,17667.030000
"2014-01-20 00:00:00",44359.310000,20489.810000,10340.570000,13528.930000
"2014-01-21 00:00:00",43188.760000,12873.220000,19621.570000,10693.970000
"2014-01-22 00:00:00",45702.760000,17537.410000,17235.900000,10929.450000
"2014-01-23 00:00:00",59517.250000,12174.180000,30778.530000,16564.540000
"2014-01-24 00:00:00",28612.330000,9299.300000,10518.040000,8794.990000
"2014-01-25 00:00:00",35486.670000,12069.430000,10748.610000,12668.630000
"2014-01-26 00:00:00",45611.250000,28679.910000,4708.790000,12222.550000
"2014-01-27 00:00:00",59566.280000,25614.880000,18102.080000,15849.320000
"2014-01-28 00:00:00",49433.324000,15334.440000,20116.814000,13982.070000
"2014-01-29 00:00:00",2806808.806953,2022900.784247,561102.429730,222805.592976
"2014-01-30 00:00:00",40538.880000,15264.570000,12323.280000,12951.030000
"2014-01-31 00:00:00",36250.710000,17215.770000,12922.720000,6112.220000
"2014-02-01 00:00:00",36020.220000,13705.900000,9976.290000,12338.030000
"2014-02-02 00:00:00",57438.860000,22723.070000,18380.720000,16335.070000
"2014-02-03 00:00:00",29882.010000,7669.400000,9050.570000,13162.040000
"2014-02-04 00:00:00",50020.680000,18615.490000,15074.640000,16330.550000
"2014-02-05 00:00:00",50220.710000,17935.800000,16835.240000,15449.670000
"2014-02-06 00:00:00",58640.710000,29183.560000,12548.330000,16908.820000
"2014-02-07 00:00:00",47281.510000,18819.400000,14672.910000,13789.200000
"2014-02-08 00:00:00",45901.530000,17843.320000,23321.960000,4736.250000
"2014-02-09 00:00:00",76871.340000,30070.580000,29901.880000,16898.880000
"2014-02-10 00:00:00",58969.920000,21769.860000,24764.820000,12435.240000
"2014-02-11 00:00:00",40550.410000,23884.880000,9321.290000,7344.240000
"2014-02-12 00:00:00",37091.240000,11331.640000,9201.600000,16558.000000
"2014-02-13 00:00:00",27984.000000,14158.470000,5289.620000,8535.910000
"2014-02-14 00:00:00",46303.660000,22287.190000,12391.840000,11624.630000
"2014-02-15 00:00:00",57399.980000,22576.610000,22697.270000,12126.100000
"2014-02-16 00:00:00",57453.370000,22565.150000,20747.940000,14140.280000
"2014-02-17 00:00:00",53167.440000,24863.440000,15009.270000,13294.730000
"2014-02-18 00:00:00",44917.200000,17886.420000,15501.290000,11529.490000
"2014-02-19 00:00:00",36486.460000,10507.030000,11057.580000,14921.850000
"2014-02-20 00:00:00",51341.110000,19349.710000,16851.530000,15139.870000
"2014-02-21 00:00:00",48367.900000,10730.030000,23816.090000,13821.780000
"2014-02-22 00:00:00",34080.710000,14112.760000,10047.480000,9920.470000
"2014-02-23 00:00:00",43703.840000,11196.630000,12846.410000,19660.800000
"2014-02-24 00:00:00",61835.550000,21638.900000,26080.300000,14116.350000
"2014-02-25 00:00:00",45559.740000,18591.210000,19063.230000,7905.300000
"2014-02-26 00:00:00",32627.440000,8370.900000,15130.520000,9126.020000
"2014-02-27 00:00:00",52977.830000,25916.880000,18778.560000,8282.390000
"2014-02-28 00:00:00",54629.665600,33849.220000,12041.985600,8738.460000
"2014-03-01 00:00:00",2264174.507670,1845202.412948,342115.730722,76856.364000
"2014-03-02 00:00:00",53368.640000,16795.330000,24371.720000,12201.590000
"2014-03-03 00:00:00",65377.520000,19847.770000,18639.110000,26890.640000
"2014-03-04 00:00:00",59039.030000,19837.120000,24062.070000,15139.840000
"2014-03-05 00:00:00",28954.880000,10508.730000,4308.410000,14137.740000
"2014-03-06 00:00:00",62806.510000,36725.290000,13871.660000,12209.560000
"2014-03-07 00:00:00",45182.620000,15042.100000,19496.170000,10644.350000
"2014-03-08 00:00:00",47996.280000,17144.650000,14466.900000,16384.730000
"2014-03-09 00:00:00",52662.620000,20815.750000,21968.550000,9878.320000
"2014-03-10 00:00:00",49820.650000,10897.890000,24957.760000,13965.000000
"2014-03-11 00:00:00",41857.230000,16269.400000,9364.480000,16223.350000
"2014-03-12 00:00:00",48461.700000,25992.120000,18834.640000,3634.940000
"2014-03-13 00:00:00",24474.590000,5745.370000,16167.080000,2562.140000
"2014-03-14 00:00:00",52127.740000,31846.260000,12477.680000,7803.800000
"2014-03-15 00:00:00",48570.280000,22649.790000,17172.730000,8747.760000
"2014-03-16 00:00:00",48186.070000,15817.590000,14174.910000,18193.570000
"2014-03-17 00:00:00",45295.590000,27247.840000,9978.900000,8068.850000
"2014-03-18 00:00:00",67320.620000,23816.590000,22845.560000,20658.470000
"2014-03-19 00:00:00",69275.240000,26573.100000,37320.070000,5382.070000
"2014-03-20 00:00:00",50753.420000,12130.330000,14895.580000,23727.510000
"2014-03-21 00:00:00",45199.540000,22989.380000,4212.400000,17997.760000
"2014-03-22 00:00:00",55474.950000,17667.640000,17673.730000,20133.580000
"2014-03-23 00:00:00",66044.580000,17991.540000,27289.010000,20764.030000
"2014-03-24 00:00:00",57397.350000,22015.840000,22065.730000,13315.780000
"2014-03-25 00:00:00",50967.230000,16770.290000,12459.980000,21736.960000
"2014-03-26 00:00:00",56169.220000,25183.390000,12348.800000,18637.030000
"2014-03-27 00:00:00",82236.080000,34342.180000,23274.820000,24619.080000
"2014-03-28 00:00:00",63830.540000,32262.980000,15769.170000,15798.390000
"2014-03-29 00:00:00",54633.230000,22489.500000,18130.470000,14013.260000
"2014-03-30 00:00:00",62925.034400,20457.600000,27807.454400,14659.980000
"2014-03-31 00:00:00",3396947.599904,2232861.843674,1025571.732230,138514.024000
"2014-04-01 00:00:00",34544.950000,19349.970000,5666.590000,9528.390000
"2014-04-02 00:00:00",60570.850000,24011.860000,26673.480000,9885.510000
"2014-04-03 00:00:00",57163.360000,18224.610000,22694.170000,16244.580000
"2014-04-04 00:00:00",70674.100000,30594.640000,26578.780000,13500.680000
"2014-04-05 00:00:00",55756.940000,28863.150000,14570.500000,12323.290000
"2014-04-06 00:00:00",70209.730000,18731.440000,33318.040000,18160.250000
"2014-04-07 00:00:00",58438.110000,36116.520000,7032.410000,15289.180000
"2014-04-08 00:00:00",69079.220000,47849.940000,12626.610000,8602.670000
"2014-04-09 00:00:00",50455.940000,30891.100000,14689.620000,4875.220000
"2014-04-10 00:00:00",60258.980000,26742.910000,19132.660000,14383.410000
"2014-04-11 00:00:00",60381.900000,26447.010000,14500.230000,19434.660000
"2014-04-12 00:00:00",45438.250000,20534.060000,16771.140000,8133.050000
"2014-04-13 00:00:00",60012.340000,28698.670000,17810.800000,13502.870000
"2014-04-14 00:00:00",63750.070000,29763.640000,16223.720000,17762.710000
"2014-04-15 00:00:00",69543.000000,38375.590000,14982.710000,16184.700000
"2014-04-16 00:00:00",54233.280000,16388.740000,20553.010000,17291.530000
"2014-04-17 00:00:00",47690.510000,22788.870000,19369.160000,5532.480000
"2014-04-18 00:00:00",62944.300000,25887.030000,25052.790000,12004.480000
"2014-04-19 00:00:00",79066.270000,41130.260000,25656.330000,12279.680000
"2014-04-20 00:00:00",67912.710000,31384.940000,23313.870000,13213.900000
"2014-04-21 00:00:00",59918.190000,20792.950000,22453.180000,16672.060000
"2014-04-22 00:00:00",61509.880000,27445.000000,17498.470000,16566.410000
"2014-04-23 00:00:00",65679.510000,27798.520000,22707.750000,15173.240000
"2014-04-24 00:00:00",64845.980000,31579.910000,15470.300000,17795.770000
"2014-04-25 00:00:00",47126.890000,19843.600000,11891.880000,15391.410000
"2014-04-26 00:00:00",54615.870000,24753.940000,15602.230000,14259.700000
"2014-04-27 00:00:00",59939.050000,17988.520000,29742.280000,12208.250000
"2014-04-28 00:00:00",64306.090000,28873.080000,19597.330000,15835.680000
"2014-04-29 00:00:00",45770.830000,23404.140000,9613.530000,12753.160000
"2014-04-30 00:00:00",75336.823000,43367.930000,13641.233000,18327.660000
"2014-05-01 00:00:00",3460129.769338,2520771.091825,700029.211961,239329.465552
"2014-05-02 00:00:00",35496.030000,15455.300000,10691.880000,9348.850000
"2014-05-03 00:00:00",58528.600000,19013.310000,23054.060000,16461.230000
"2014-05-04 00:00:00",49466.610000,17985.130000,18376.940000,13104.540000
"2014-05-05 00:00:00",66287.660000,23712.030000,24311.440000,18264.190000
"2014-05-06 00:00:00",82848.270000,35046.700000,27157.550000,20644.020000
"2014-05-07 00:00:00",89097.420000,49393.400000,17999.980000,21704.040000
"2014-05-08 00:00:00",62187.000000,27322.820000,11983.260000,22880.920000
"2014-05-09 00:00:00",63484.210000,36665.360000,14164.510000,12654.340000
"2014-05-10 00:00:00",58304.760000,22966.690000,23025.610000,12312.460000
"2014-05-11 00:00:00",79844.180000,18333.020000,38307.120000,23204.040000
"2014-05-12 00:00:00",55053.730000,22939.770000,10806.580000,21307.380000
"2014-05-13 00:00:00",57721.860000,19424.850000,22081.850000,16215.160000
"2014-05-14 00:00:00",96611.610000,39240.640000,38913.180000,18457.790000
"2014-05-15 00:00:00",65564.380000,21500.590000,34176.050000,9887.740000
"2014-05-16 00:00:00",58464.040000,25851.920000,22023.370000,10588.750000
"2014-05-17 00:00:00",71000.400000,30298.180000,23013.280000,17688.940000
"2014-05-18 00:00:00",58087.490000,29389.800000,17467.500000,11230.190000
"2014-05-19 00:00:00",72013.140000,23741.050000,31597.850000,16674.240000
"2014-05-20 00:00:00",67275.470000,25981.460000,16973.580000,24320.430000
"2014-05-21 00:00:00",83119.460000,33414.500000,28582.060000,21122.900000
"2014-05-22 00:00:00",66769.390000,33784.570000,20368.890000,12615.930000
"2014-05-23 00:00:00",48791.780000,16323.490000,21952.460000,10515.830000
"2014-05-24 00:00:00",65922.190000,22602.180000,22929.840000,20390.170000
"2014-05-25 00:00:00",76914.610000,21848.440000,27642.320000,27423.850000
"2014-05-26 00:00:00",69533.640000,37333.640000,23874.090000,8325.910000
"2014-05-27 00:00:00",58080.780000,20385.770000,16557.180000,21137.830000
"2014-05-28 00:00:00",78906.590000,43130.810000,26223.500000,9552.280000
"2014-05-29 00:00:00",60959.780000,26598.000000,21921.280000,12440.500000
"2014-05-30 00:00:00",48375.330000,18735.820000,18356.450000,11283.060000
"2014-05-31 00:00:00",1834.790000,1233.430000,379.630000,221.730000
"2014-06-01 00:00:00",1514.290000,928.610000,302.040000,283.640000
"2014-06-02 00:00:00",1796.830000,1125.700000,449.990000,221.140000
"2014-06-03 00:00:00",1301.330000,580.550000,364.350000,356.430000
"2014-06-04 00:00:00",1231.610000,710.320000,260.420000,260.870000
"2014-06-05 00:00:00",1714.650000,1213.750000,183.980000,316.920000
"2014-06-06 00:00:00",1318.510000,669.790000,372.910000,275.810000
"2014-06-07 00:00:00",2525.870000,1627.570000,518.860000,379.440000
"2014-06-08 00:00:00",1045.600000,572.990000,308.630000,163.980000
"2014-06-09 00:00:00",1470.510000,1006.030000,291.540000,172.940000
"2014-06-10 00:00:00",1423.140000,816.300000,445.420000,161.420000
"2014-06-11 00:00:00",1817.930000,1123.910000,526.100000,167.920000
"2014-06-12 00:00:00",949.640000,498.490000,218.920000,232.230000
"2014-06-13 00:00:00",1909.990000,1061.420000,265.690000,582.880000
"2014-06-14 00:00:00",1379.500000,709.490000,365.670000,304.340000
"2014-06-15 00:00:00",1623.170000,1239.240000,136.000000,247.930000
"2014-06-16 00:00:00",1927.940000,951.910000,650.890000,325.140000
"2014-06-17 00:00:00",1364.400000,688.060000,390.630000,285.710000
"2014-06-18 00:00:00",2059.630000,1164.800000,609.480000,285.350000
"2014-06-19 00:00:00",1821.770000,1148.490000,451.290000,221.990000
"2014-06-20 00:00:00",1153.380000,725.190000,147.230000,280.960000
"2014-06-21 00:00:00",1823.920000,1114.330000,586.850000,122.740000
"2014-06-22 00:00:00",1505.830000,443.400000,277.330000,785.100000
"2014-06-23 00:00:00",1937.950000,1092.280000,342.050000,503.620000
"2014-06-24 00:00:00",1351.260000,997.940000,125.930000,227.390000
"2014-06-25 00:00:00",1817.990000,1336.420000,175.680000,305.890000
"2014-06-26 00:00:00",1502.850000,843.010000,358.940000,300.900000
"2014-06-27 00:00:00",1747.670000,783.330000,689.360000,274.980000
"2014-06-28 00:00:00",1847.460000,1158.160000,593.830000,95.470000
"2014-06-29 00:00:00",1477.610000,1098.650000,53.980000,324.980000
"2014-06-30 00:00:00",2643.610000,1624.650000,474.570000,544.390000
